month,level_1,level_2,value
1985-01,Total,Restaurants,39.1
1985-01,Total,Fast Food Outlets,16.2
1985-01,Total,Food Caterers,na
1985-01,Total,Other Eating Places,48.3
1985-02,Total,Restaurants,41.5
1985-02,Total,Fast Food Outlets,17.8
1985-02,Total,Food Caterers,na
1985-02,Total,Other Eating Places,44.9
1985-03,Total,Restaurants,38.2
1985-03,Total,Fast Food Outlets,19.1
1985-03,Total,Food Caterers,na
1985-03,Total,Other Eating Places,52.2
1985-04,Total,Restaurants,32.9
1985-04,Total,Fast Food Outlets,16.4
1985-04,Total,Food Caterers,na
1985-04,Total,Other Eating Places,47.2
1985-05,Total,Restaurants,34.8
1985-05,Total,Fast Food Outlets,17
1985-05,Total,Food Caterers,na
1985-05,Total,Other Eating Places,49.5
1985-06,Total,Restaurants,37.5
1985-06,Total,Fast Food Outlets,19.9
1985-06,Total,Food Caterers,na
1985-06,Total,Other Eating Places,50.7
1985-07,Total,Restaurants,30.9
1985-07,Total,Fast Food Outlets,16.5
1985-07,Total,Food Caterers,na
1985-07,Total,Other Eating Places,48.8
1985-08,Total,Restaurants,31.7
1985-08,Total,Fast Food Outlets,17.6
1985-08,Total,Food Caterers,na
1985-08,Total,Other Eating Places,49.6
1985-09,Total,Restaurants,35.6
1985-09,Total,Fast Food Outlets,17
1985-09,Total,Food Caterers,na
1985-09,Total,Other Eating Places,47.5
1985-10,Total,Restaurants,37.5
1985-10,Total,Fast Food Outlets,15.3
1985-10,Total,Food Caterers,na
1985-10,Total,Other Eating Places,49.6
1985-11,Total,Restaurants,36.5
1985-11,Total,Fast Food Outlets,17.4
1985-11,Total,Food Caterers,na
1985-11,Total,Other Eating Places,49.2
1985-12,Total,Restaurants,36.8
1985-12,Total,Fast Food Outlets,20.9
1985-12,Total,Food Caterers,na
1985-12,Total,Other Eating Places,52.3
1986-01,Total,Restaurants,37.3
1986-01,Total,Fast Food Outlets,15.2
1986-01,Total,Food Caterers,na
1986-01,Total,Other Eating Places,43
1986-02,Total,Restaurants,37.4
1986-02,Total,Fast Food Outlets,16.2
1986-02,Total,Food Caterers,na
1986-02,Total,Other Eating Places,37.5
1986-03,Total,Restaurants,32
1986-03,Total,Fast Food Outlets,18.9
1986-03,Total,Food Caterers,na
1986-03,Total,Other Eating Places,46.5
1986-04,Total,Restaurants,29.9
1986-04,Total,Fast Food Outlets,15.1
1986-04,Total,Food Caterers,na
1986-04,Total,Other Eating Places,44.3
1986-05,Total,Restaurants,33.7
1986-05,Total,Fast Food Outlets,18.7
1986-05,Total,Food Caterers,na
1986-05,Total,Other Eating Places,43.7
1986-06,Total,Restaurants,31
1986-06,Total,Fast Food Outlets,20.2
1986-06,Total,Food Caterers,na
1986-06,Total,Other Eating Places,44.3
1986-07,Total,Restaurants,30.7
1986-07,Total,Fast Food Outlets,17.5
1986-07,Total,Food Caterers,na
1986-07,Total,Other Eating Places,44.4
1986-08,Total,Restaurants,33.3
1986-08,Total,Fast Food Outlets,20.4
1986-08,Total,Food Caterers,na
1986-08,Total,Other Eating Places,43.3
1986-09,Total,Restaurants,35.3
1986-09,Total,Fast Food Outlets,16.5
1986-09,Total,Food Caterers,na
1986-09,Total,Other Eating Places,42.6
1986-10,Total,Restaurants,31.7
1986-10,Total,Fast Food Outlets,16.9
1986-10,Total,Food Caterers,na
1986-10,Total,Other Eating Places,44.4
1986-11,Total,Restaurants,32.5
1986-11,Total,Fast Food Outlets,18.3
1986-11,Total,Food Caterers,na
1986-11,Total,Other Eating Places,44.6
1986-12,Total,Restaurants,35.1
1986-12,Total,Fast Food Outlets,21.5
1986-12,Total,Food Caterers,na
1986-12,Total,Other Eating Places,49.3
1987-01,Total,Restaurants,32.5
1987-01,Total,Fast Food Outlets,17.5
1987-01,Total,Food Caterers,na
1987-01,Total,Other Eating Places,43.6
1987-02,Total,Restaurants,32.1
1987-02,Total,Fast Food Outlets,15.1
1987-02,Total,Food Caterers,na
1987-02,Total,Other Eating Places,42.3
1987-03,Total,Restaurants,34.3
1987-03,Total,Fast Food Outlets,19.2
1987-03,Total,Food Caterers,na
1987-03,Total,Other Eating Places,46.9
1987-04,Total,Restaurants,31.7
1987-04,Total,Fast Food Outlets,18.1
1987-04,Total,Food Caterers,na
1987-04,Total,Other Eating Places,45.8
1987-05,Total,Restaurants,36.6
1987-05,Total,Fast Food Outlets,19.9
1987-05,Total,Food Caterers,na
1987-05,Total,Other Eating Places,47.4
1987-06,Total,Restaurants,33.2
1987-06,Total,Fast Food Outlets,20.7
1987-06,Total,Food Caterers,na
1987-06,Total,Other Eating Places,48.2
1987-07,Total,Restaurants,33.4
1987-07,Total,Fast Food Outlets,18
1987-07,Total,Food Caterers,na
1987-07,Total,Other Eating Places,46.7
1987-08,Total,Restaurants,35.2
1987-08,Total,Fast Food Outlets,21.7
1987-08,Total,Food Caterers,na
1987-08,Total,Other Eating Places,47.2
1987-09,Total,Restaurants,34.8
1987-09,Total,Fast Food Outlets,19.5
1987-09,Total,Food Caterers,na
1987-09,Total,Other Eating Places,46.4
1987-10,Total,Restaurants,41.2
1987-10,Total,Fast Food Outlets,20.6
1987-10,Total,Food Caterers,na
1987-10,Total,Other Eating Places,48.5
1987-11,Total,Restaurants,39.1
1987-11,Total,Fast Food Outlets,22.4
1987-11,Total,Food Caterers,na
1987-11,Total,Other Eating Places,48.2
1987-12,Total,Restaurants,44.8
1987-12,Total,Fast Food Outlets,26.1
1987-12,Total,Food Caterers,na
1987-12,Total,Other Eating Places,51.5
1988-01,Total,Restaurants,40
1988-01,Total,Fast Food Outlets,21.7
1988-01,Total,Food Caterers,na
1988-01,Total,Other Eating Places,48.9
1988-02,Total,Restaurants,40.7
1988-02,Total,Fast Food Outlets,22.8
1988-02,Total,Food Caterers,na
1988-02,Total,Other Eating Places,43.9
1988-03,Total,Restaurants,40
1988-03,Total,Fast Food Outlets,24.1
1988-03,Total,Food Caterers,na
1988-03,Total,Other Eating Places,50.1
1988-04,Total,Restaurants,38.2
1988-04,Total,Fast Food Outlets,23.2
1988-04,Total,Food Caterers,na
1988-04,Total,Other Eating Places,47.7
1988-05,Total,Restaurants,40.3
1988-05,Total,Fast Food Outlets,24.9
1988-05,Total,Food Caterers,na
1988-05,Total,Other Eating Places,51
1988-06,Total,Restaurants,38.8
1988-06,Total,Fast Food Outlets,23.3
1988-06,Total,Food Caterers,na
1988-06,Total,Other Eating Places,50.1
1988-07,Total,Restaurants,40.8
1988-07,Total,Fast Food Outlets,24.3
1988-07,Total,Food Caterers,na
1988-07,Total,Other Eating Places,49.6
1988-08,Total,Restaurants,39.4
1988-08,Total,Fast Food Outlets,22.8
1988-08,Total,Food Caterers,na
1988-08,Total,Other Eating Places,49.9
1988-09,Total,Restaurants,41.2
1988-09,Total,Fast Food Outlets,21.9
1988-09,Total,Food Caterers,na
1988-09,Total,Other Eating Places,49.5
1988-10,Total,Restaurants,44.8
1988-10,Total,Fast Food Outlets,24.3
1988-10,Total,Food Caterers,na
1988-10,Total,Other Eating Places,51.8
1988-11,Total,Restaurants,45.5
1988-11,Total,Fast Food Outlets,24.7
1988-11,Total,Food Caterers,na
1988-11,Total,Other Eating Places,52
1988-12,Total,Restaurants,50.3
1988-12,Total,Fast Food Outlets,30.7
1988-12,Total,Food Caterers,na
1988-12,Total,Other Eating Places,55.8
1989-01,Total,Restaurants,45.1
1989-01,Total,Fast Food Outlets,24.9
1989-01,Total,Food Caterers,na
1989-01,Total,Other Eating Places,50.7
1989-02,Total,Restaurants,45.7
1989-02,Total,Fast Food Outlets,25.3
1989-02,Total,Food Caterers,na
1989-02,Total,Other Eating Places,46.1
1989-03,Total,Restaurants,46.1
1989-03,Total,Fast Food Outlets,27.2
1989-03,Total,Food Caterers,na
1989-03,Total,Other Eating Places,53.9
1989-04,Total,Restaurants,44.6
1989-04,Total,Fast Food Outlets,24.3
1989-04,Total,Food Caterers,na
1989-04,Total,Other Eating Places,52.4
1989-05,Total,Restaurants,46.2
1989-05,Total,Fast Food Outlets,25.7
1989-05,Total,Food Caterers,na
1989-05,Total,Other Eating Places,54.7
1989-06,Total,Restaurants,43.7
1989-06,Total,Fast Food Outlets,27
1989-06,Total,Food Caterers,na
1989-06,Total,Other Eating Places,54.8
1989-07,Total,Restaurants,46.4
1989-07,Total,Fast Food Outlets,28.3
1989-07,Total,Food Caterers,na
1989-07,Total,Other Eating Places,56.2
1989-08,Total,Restaurants,45.5
1989-08,Total,Fast Food Outlets,27.2
1989-08,Total,Food Caterers,na
1989-08,Total,Other Eating Places,55.5
1989-09,Total,Restaurants,50.7
1989-09,Total,Fast Food Outlets,26.8
1989-09,Total,Food Caterers,na
1989-09,Total,Other Eating Places,56.4
1989-10,Total,Restaurants,49.4
1989-10,Total,Fast Food Outlets,26.8
1989-10,Total,Food Caterers,na
1989-10,Total,Other Eating Places,57.8
1989-11,Total,Restaurants,51.1
1989-11,Total,Fast Food Outlets,28.3
1989-11,Total,Food Caterers,na
1989-11,Total,Other Eating Places,57.9
1989-12,Total,Restaurants,56.3
1989-12,Total,Fast Food Outlets,34.1
1989-12,Total,Food Caterers,na
1989-12,Total,Other Eating Places,62
1990-01,Total,Restaurants,50.4
1990-01,Total,Fast Food Outlets,29.4
1990-01,Total,Food Caterers,na
1990-01,Total,Other Eating Places,57
1990-02,Total,Restaurants,50.8
1990-02,Total,Fast Food Outlets,25.5
1990-02,Total,Food Caterers,na
1990-02,Total,Other Eating Places,53.1
1990-03,Total,Restaurants,52.1
1990-03,Total,Fast Food Outlets,31.3
1990-03,Total,Food Caterers,na
1990-03,Total,Other Eating Places,57.8
1990-04,Total,Restaurants,47.3
1990-04,Total,Fast Food Outlets,29.6
1990-04,Total,Food Caterers,na
1990-04,Total,Other Eating Places,56.7
1990-05,Total,Restaurants,51.6
1990-05,Total,Fast Food Outlets,31.3
1990-05,Total,Food Caterers,na
1990-05,Total,Other Eating Places,59.1
1990-06,Total,Restaurants,47.7
1990-06,Total,Fast Food Outlets,33.8
1990-06,Total,Food Caterers,na
1990-06,Total,Other Eating Places,58.7
1990-07,Total,Restaurants,47.3
1990-07,Total,Fast Food Outlets,31
1990-07,Total,Food Caterers,na
1990-07,Total,Other Eating Places,59.8
1990-08,Total,Restaurants,49.8
1990-08,Total,Fast Food Outlets,31.9
1990-08,Total,Food Caterers,na
1990-08,Total,Other Eating Places,58.4
1990-09,Total,Restaurants,50.1
1990-09,Total,Fast Food Outlets,29.9
1990-09,Total,Food Caterers,na
1990-09,Total,Other Eating Places,57.4
1990-10,Total,Restaurants,53
1990-10,Total,Fast Food Outlets,30.5
1990-10,Total,Food Caterers,na
1990-10,Total,Other Eating Places,59.2
1990-11,Total,Restaurants,55.4
1990-11,Total,Fast Food Outlets,32.6
1990-11,Total,Food Caterers,na
1990-11,Total,Other Eating Places,60.8
1990-12,Total,Restaurants,60.5
1990-12,Total,Fast Food Outlets,37.8
1990-12,Total,Food Caterers,na
1990-12,Total,Other Eating Places,64.4
1991-01,Total,Restaurants,48.9
1991-01,Total,Fast Food Outlets,28.6
1991-01,Total,Food Caterers,na
1991-01,Total,Other Eating Places,59.9
1991-02,Total,Restaurants,48
1991-02,Total,Fast Food Outlets,29.5
1991-02,Total,Food Caterers,na
1991-02,Total,Other Eating Places,52.9
1991-03,Total,Restaurants,48.9
1991-03,Total,Fast Food Outlets,33.3
1991-03,Total,Food Caterers,na
1991-03,Total,Other Eating Places,58.9
1991-04,Total,Restaurants,48.6
1991-04,Total,Fast Food Outlets,31
1991-04,Total,Food Caterers,na
1991-04,Total,Other Eating Places,58.2
1991-05,Total,Restaurants,51.8
1991-05,Total,Fast Food Outlets,32.8
1991-05,Total,Food Caterers,na
1991-05,Total,Other Eating Places,62.2
1991-06,Total,Restaurants,52.9
1991-06,Total,Fast Food Outlets,38.3
1991-06,Total,Food Caterers,na
1991-06,Total,Other Eating Places,62.6
1991-07,Total,Restaurants,50.8
1991-07,Total,Fast Food Outlets,32.1
1991-07,Total,Food Caterers,na
1991-07,Total,Other Eating Places,62.4
1991-08,Total,Restaurants,51.1
1991-08,Total,Fast Food Outlets,34.4
1991-08,Total,Food Caterers,na
1991-08,Total,Other Eating Places,63.6
1991-09,Total,Restaurants,55.2
1991-09,Total,Fast Food Outlets,32.2
1991-09,Total,Food Caterers,na
1991-09,Total,Other Eating Places,62.6
1991-10,Total,Restaurants,55.1
1991-10,Total,Fast Food Outlets,32.1
1991-10,Total,Food Caterers,na
1991-10,Total,Other Eating Places,64.1
1991-11,Total,Restaurants,58.9
1991-11,Total,Fast Food Outlets,35
1991-11,Total,Food Caterers,na
1991-11,Total,Other Eating Places,65.4
1991-12,Total,Restaurants,62.4
1991-12,Total,Fast Food Outlets,39.4
1991-12,Total,Food Caterers,na
1991-12,Total,Other Eating Places,70.3
1992-01,Total,Restaurants,55.5
1992-01,Total,Fast Food Outlets,32.2
1992-01,Total,Food Caterers,na
1992-01,Total,Other Eating Places,65.4
1992-02,Total,Restaurants,57.7
1992-02,Total,Fast Food Outlets,36.9
1992-02,Total,Food Caterers,na
1992-02,Total,Other Eating Places,59.1
1992-03,Total,Restaurants,52.8
1992-03,Total,Fast Food Outlets,35.5
1992-03,Total,Food Caterers,na
1992-03,Total,Other Eating Places,65.1
1992-04,Total,Restaurants,53.6
1992-04,Total,Fast Food Outlets,35
1992-04,Total,Food Caterers,na
1992-04,Total,Other Eating Places,64.3
1992-05,Total,Restaurants,57.1
1992-05,Total,Fast Food Outlets,38.4
1992-05,Total,Food Caterers,na
1992-05,Total,Other Eating Places,64.9
1992-06,Total,Restaurants,53
1992-06,Total,Fast Food Outlets,39.3
1992-06,Total,Food Caterers,na
1992-06,Total,Other Eating Places,65.6
1992-07,Total,Restaurants,53.8
1992-07,Total,Fast Food Outlets,35.6
1992-07,Total,Food Caterers,na
1992-07,Total,Other Eating Places,66.6
1992-08,Total,Restaurants,55.1
1992-08,Total,Fast Food Outlets,37.1
1992-08,Total,Food Caterers,na
1992-08,Total,Other Eating Places,65.3
1992-09,Total,Restaurants,58.9
1992-09,Total,Fast Food Outlets,36.1
1992-09,Total,Food Caterers,na
1992-09,Total,Other Eating Places,65.5
1992-10,Total,Restaurants,57.6
1992-10,Total,Fast Food Outlets,37.2
1992-10,Total,Food Caterers,na
1992-10,Total,Other Eating Places,67.4
1992-11,Total,Restaurants,60.6
1992-11,Total,Fast Food Outlets,39.7
1992-11,Total,Food Caterers,na
1992-11,Total,Other Eating Places,64.6
1992-12,Total,Restaurants,64.5
1992-12,Total,Fast Food Outlets,43.1
1992-12,Total,Food Caterers,na
1992-12,Total,Other Eating Places,65.5
1993-01,Total,Restaurants,59.8
1993-01,Total,Fast Food Outlets,42.1
1993-01,Total,Food Caterers,na
1993-01,Total,Other Eating Places,66.8
1993-02,Total,Restaurants,54.9
1993-02,Total,Fast Food Outlets,35.1
1993-02,Total,Food Caterers,na
1993-02,Total,Other Eating Places,61.4
1993-03,Total,Restaurants,58.1
1993-03,Total,Fast Food Outlets,40.4
1993-03,Total,Food Caterers,na
1993-03,Total,Other Eating Places,68.1
1993-04,Total,Restaurants,52.9
1993-04,Total,Fast Food Outlets,37.5
1993-04,Total,Food Caterers,na
1993-04,Total,Other Eating Places,66.5
1993-05,Total,Restaurants,60.5
1993-05,Total,Fast Food Outlets,41.4
1993-05,Total,Food Caterers,na
1993-05,Total,Other Eating Places,68.9
1993-06,Total,Restaurants,59.1
1993-06,Total,Fast Food Outlets,44.8
1993-06,Total,Food Caterers,na
1993-06,Total,Other Eating Places,68.9
1993-07,Total,Restaurants,57.5
1993-07,Total,Fast Food Outlets,42.3
1993-07,Total,Food Caterers,na
1993-07,Total,Other Eating Places,70.7
1993-08,Total,Restaurants,57.9
1993-08,Total,Fast Food Outlets,46.2
1993-08,Total,Food Caterers,na
1993-08,Total,Other Eating Places,69.6
1993-09,Total,Restaurants,60.9
1993-09,Total,Fast Food Outlets,41
1993-09,Total,Food Caterers,na
1993-09,Total,Other Eating Places,67.4
1993-10,Total,Restaurants,64.5
1993-10,Total,Fast Food Outlets,42.3
1993-10,Total,Food Caterers,na
1993-10,Total,Other Eating Places,70.1
1993-11,Total,Restaurants,61.8
1993-11,Total,Fast Food Outlets,43.4
1993-11,Total,Food Caterers,na
1993-11,Total,Other Eating Places,71.4
1993-12,Total,Restaurants,73.2
1993-12,Total,Fast Food Outlets,49.5
1993-12,Total,Food Caterers,na
1993-12,Total,Other Eating Places,74.6
1994-01,Total,Restaurants,63.3
1994-01,Total,Fast Food Outlets,42.4
1994-01,Total,Food Caterers,na
1994-01,Total,Other Eating Places,70.2
1994-02,Total,Restaurants,64.1
1994-02,Total,Fast Food Outlets,43.6
1994-02,Total,Food Caterers,na
1994-02,Total,Other Eating Places,63.3
1994-03,Total,Restaurants,64.3
1994-03,Total,Fast Food Outlets,48.3
1994-03,Total,Food Caterers,na
1994-03,Total,Other Eating Places,72.7
1994-04,Total,Restaurants,59.6
1994-04,Total,Fast Food Outlets,44.6
1994-04,Total,Food Caterers,na
1994-04,Total,Other Eating Places,68.5
1994-05,Total,Restaurants,64
1994-05,Total,Fast Food Outlets,48.6
1994-05,Total,Food Caterers,na
1994-05,Total,Other Eating Places,69.2
1994-06,Total,Restaurants,57.8
1994-06,Total,Fast Food Outlets,47.8
1994-06,Total,Food Caterers,na
1994-06,Total,Other Eating Places,68.2
1994-07,Total,Restaurants,61.9
1994-07,Total,Fast Food Outlets,48.4
1994-07,Total,Food Caterers,na
1994-07,Total,Other Eating Places,71.3
1994-08,Total,Restaurants,59.9
1994-08,Total,Fast Food Outlets,46.9
1994-08,Total,Food Caterers,na
1994-08,Total,Other Eating Places,68.2
1994-09,Total,Restaurants,69.8
1994-09,Total,Fast Food Outlets,45.6
1994-09,Total,Food Caterers,na
1994-09,Total,Other Eating Places,67.6
1994-10,Total,Restaurants,65.7
1994-10,Total,Fast Food Outlets,48.5
1994-10,Total,Food Caterers,na
1994-10,Total,Other Eating Places,70
1994-11,Total,Restaurants,68.6
1994-11,Total,Fast Food Outlets,50.1
1994-11,Total,Food Caterers,na
1994-11,Total,Other Eating Places,70.8
1994-12,Total,Restaurants,75.4
1994-12,Total,Fast Food Outlets,54.8
1994-12,Total,Food Caterers,na
1994-12,Total,Other Eating Places,75.9
1995-01,Total,Restaurants,65.6
1995-01,Total,Fast Food Outlets,49.4
1995-01,Total,Food Caterers,na
1995-01,Total,Other Eating Places,71.5
1995-02,Total,Restaurants,63
1995-02,Total,Fast Food Outlets,43.5
1995-02,Total,Food Caterers,na
1995-02,Total,Other Eating Places,65
1995-03,Total,Restaurants,67.7
1995-03,Total,Fast Food Outlets,50.5
1995-03,Total,Food Caterers,na
1995-03,Total,Other Eating Places,71.7
1995-04,Total,Restaurants,59.7
1995-04,Total,Fast Food Outlets,50.3
1995-04,Total,Food Caterers,na
1995-04,Total,Other Eating Places,70.3
1995-05,Total,Restaurants,67.6
1995-05,Total,Fast Food Outlets,52.3
1995-05,Total,Food Caterers,na
1995-05,Total,Other Eating Places,72.6
1995-06,Total,Restaurants,64.8
1995-06,Total,Fast Food Outlets,52.4
1995-06,Total,Food Caterers,na
1995-06,Total,Other Eating Places,71.6
1995-07,Total,Restaurants,65.1
1995-07,Total,Fast Food Outlets,54
1995-07,Total,Food Caterers,na
1995-07,Total,Other Eating Places,74.3
1995-08,Total,Restaurants,63.8
1995-08,Total,Fast Food Outlets,53.1
1995-08,Total,Food Caterers,na
1995-08,Total,Other Eating Places,72.9
1995-09,Total,Restaurants,72.4
1995-09,Total,Fast Food Outlets,51.9
1995-09,Total,Food Caterers,na
1995-09,Total,Other Eating Places,71.1
1995-10,Total,Restaurants,68.4
1995-10,Total,Fast Food Outlets,53
1995-10,Total,Food Caterers,na
1995-10,Total,Other Eating Places,72.4
1995-11,Total,Restaurants,72.5
1995-11,Total,Fast Food Outlets,53.7
1995-11,Total,Food Caterers,na
1995-11,Total,Other Eating Places,73.7
1995-12,Total,Restaurants,82.5
1995-12,Total,Fast Food Outlets,61.8
1995-12,Total,Food Caterers,na
1995-12,Total,Other Eating Places,79.9
1996-01,Total,Restaurants,67.6
1996-01,Total,Fast Food Outlets,49.8
1996-01,Total,Food Caterers,na
1996-01,Total,Other Eating Places,73.2
1996-02,Total,Restaurants,69.8
1996-02,Total,Fast Food Outlets,52.3
1996-02,Total,Food Caterers,na
1996-02,Total,Other Eating Places,70.8
1996-03,Total,Restaurants,72.5
1996-03,Total,Fast Food Outlets,54.4
1996-03,Total,Food Caterers,na
1996-03,Total,Other Eating Places,75.5
1996-04,Total,Restaurants,63.8
1996-04,Total,Fast Food Outlets,52.1
1996-04,Total,Food Caterers,na
1996-04,Total,Other Eating Places,73.6
1996-05,Total,Restaurants,67.3
1996-05,Total,Fast Food Outlets,56.9
1996-05,Total,Food Caterers,na
1996-05,Total,Other Eating Places,76.2
1996-06,Total,Restaurants,68.6
1996-06,Total,Fast Food Outlets,57
1996-06,Total,Food Caterers,na
1996-06,Total,Other Eating Places,76.8
1996-07,Total,Restaurants,65.3
1996-07,Total,Fast Food Outlets,55
1996-07,Total,Food Caterers,na
1996-07,Total,Other Eating Places,76.2
1996-08,Total,Restaurants,64.2
1996-08,Total,Fast Food Outlets,56.6
1996-08,Total,Food Caterers,na
1996-08,Total,Other Eating Places,77.1
1996-09,Total,Restaurants,69.5
1996-09,Total,Fast Food Outlets,55.8
1996-09,Total,Food Caterers,na
1996-09,Total,Other Eating Places,74.8
1996-10,Total,Restaurants,69.4
1996-10,Total,Fast Food Outlets,56.6
1996-10,Total,Food Caterers,na
1996-10,Total,Other Eating Places,77.3
1996-11,Total,Restaurants,75.3
1996-11,Total,Fast Food Outlets,60.2
1996-11,Total,Food Caterers,na
1996-11,Total,Other Eating Places,80.1
1996-12,Total,Restaurants,82.9
1996-12,Total,Fast Food Outlets,66.2
1996-12,Total,Food Caterers,na
1996-12,Total,Other Eating Places,85.2
1997-01,Total,Restaurants,68.1
1997-01,Total,Fast Food Outlets,54
1997-01,Total,Food Caterers,na
1997-01,Total,Other Eating Places,82.6
1997-02,Total,Restaurants,70.5
1997-02,Total,Fast Food Outlets,55.7
1997-02,Total,Food Caterers,na
1997-02,Total,Other Eating Places,76.4
1997-03,Total,Restaurants,71.6
1997-03,Total,Fast Food Outlets,64.3
1997-03,Total,Food Caterers,na
1997-03,Total,Other Eating Places,85.6
1997-04,Total,Restaurants,62.4
1997-04,Total,Fast Food Outlets,58.6
1997-04,Total,Food Caterers,na
1997-04,Total,Other Eating Places,82
1997-05,Total,Restaurants,68.6
1997-05,Total,Fast Food Outlets,61.3
1997-05,Total,Food Caterers,na
1997-05,Total,Other Eating Places,82.8
1997-06,Total,Restaurants,69.8
1997-06,Total,Fast Food Outlets,63.9
1997-06,Total,Food Caterers,na
1997-06,Total,Other Eating Places,84.2
1997-07,Total,Restaurants,65.4
1997-07,Total,Fast Food Outlets,61.5
1997-07,Total,Food Caterers,na
1997-07,Total,Other Eating Places,83.2
1997-08,Total,Restaurants,65.1
1997-08,Total,Fast Food Outlets,63.2
1997-08,Total,Food Caterers,na
1997-08,Total,Other Eating Places,84
1997-09,Total,Restaurants,74.3
1997-09,Total,Fast Food Outlets,58.6
1997-09,Total,Food Caterers,na
1997-09,Total,Other Eating Places,81.3
1997-10,Total,Restaurants,71.1
1997-10,Total,Fast Food Outlets,59.9
1997-10,Total,Food Caterers,na
1997-10,Total,Other Eating Places,81.2
1997-11,Total,Restaurants,75.4
1997-11,Total,Fast Food Outlets,60.9
1997-11,Total,Food Caterers,na
1997-11,Total,Other Eating Places,81.1
1997-12,Total,Restaurants,83.3
1997-12,Total,Fast Food Outlets,66.2
1997-12,Total,Food Caterers,na
1997-12,Total,Other Eating Places,87.4
1998-01,Total,Restaurants,71.1
1998-01,Total,Fast Food Outlets,61.2
1998-01,Total,Food Caterers,na
1998-01,Total,Other Eating Places,81.1
1998-02,Total,Restaurants,68.1
1998-02,Total,Fast Food Outlets,55.1
1998-02,Total,Food Caterers,na
1998-02,Total,Other Eating Places,75.3
1998-03,Total,Restaurants,64.6
1998-03,Total,Fast Food Outlets,63.3
1998-03,Total,Food Caterers,na
1998-03,Total,Other Eating Places,81.8
1998-04,Total,Restaurants,57.5
1998-04,Total,Fast Food Outlets,57.7
1998-04,Total,Food Caterers,na
1998-04,Total,Other Eating Places,79.7
1998-05,Total,Restaurants,65.9
1998-05,Total,Fast Food Outlets,61.3
1998-05,Total,Food Caterers,na
1998-05,Total,Other Eating Places,83.2
1998-06,Total,Restaurants,56.8
1998-06,Total,Fast Food Outlets,61.9
1998-06,Total,Food Caterers,na
1998-06,Total,Other Eating Places,79.4
1998-07,Total,Restaurants,58.3
1998-07,Total,Fast Food Outlets,58.1
1998-07,Total,Food Caterers,na
1998-07,Total,Other Eating Places,78.2
1998-08,Total,Restaurants,58.4
1998-08,Total,Fast Food Outlets,61.7
1998-08,Total,Food Caterers,na
1998-08,Total,Other Eating Places,79.7
1998-09,Total,Restaurants,59.1
1998-09,Total,Fast Food Outlets,54.6
1998-09,Total,Food Caterers,na
1998-09,Total,Other Eating Places,76
1998-10,Total,Restaurants,65.2
1998-10,Total,Fast Food Outlets,59.1
1998-10,Total,Food Caterers,na
1998-10,Total,Other Eating Places,77.8
1998-11,Total,Restaurants,63.8
1998-11,Total,Fast Food Outlets,61.1
1998-11,Total,Food Caterers,na
1998-11,Total,Other Eating Places,78.5
1998-12,Total,Restaurants,70.9
1998-12,Total,Fast Food Outlets,65.5
1998-12,Total,Food Caterers,na
1998-12,Total,Other Eating Places,83.6
1999-01,Total,Restaurants,57.7
1999-01,Total,Fast Food Outlets,60.9
1999-01,Total,Food Caterers,na
1999-01,Total,Other Eating Places,78.6
1999-02,Total,Restaurants,57.1
1999-02,Total,Fast Food Outlets,56.6
1999-02,Total,Food Caterers,na
1999-02,Total,Other Eating Places,69.8
1999-03,Total,Restaurants,65.5
1999-03,Total,Fast Food Outlets,68.2
1999-03,Total,Food Caterers,na
1999-03,Total,Other Eating Places,75.2
1999-04,Total,Restaurants,58.8
1999-04,Total,Fast Food Outlets,62.1
1999-04,Total,Food Caterers,na
1999-04,Total,Other Eating Places,73.6
1999-05,Total,Restaurants,67.2
1999-05,Total,Fast Food Outlets,69.9
1999-05,Total,Food Caterers,na
1999-05,Total,Other Eating Places,73.6
1999-06,Total,Restaurants,66.7
1999-06,Total,Fast Food Outlets,66
1999-06,Total,Food Caterers,na
1999-06,Total,Other Eating Places,75.1
1999-07,Total,Restaurants,60.3
1999-07,Total,Fast Food Outlets,63.7
1999-07,Total,Food Caterers,na
1999-07,Total,Other Eating Places,75.1
1999-08,Total,Restaurants,56.6
1999-08,Total,Fast Food Outlets,64.2
1999-08,Total,Food Caterers,na
1999-08,Total,Other Eating Places,75.7
1999-09,Total,Restaurants,66
1999-09,Total,Fast Food Outlets,61.6
1999-09,Total,Food Caterers,na
1999-09,Total,Other Eating Places,74.8
1999-10,Total,Restaurants,68.1
1999-10,Total,Fast Food Outlets,61.9
1999-10,Total,Food Caterers,na
1999-10,Total,Other Eating Places,79.4
1999-11,Total,Restaurants,69.7
1999-11,Total,Fast Food Outlets,66
1999-11,Total,Food Caterers,na
1999-11,Total,Other Eating Places,79.1
1999-12,Total,Restaurants,77.7
1999-12,Total,Fast Food Outlets,69.2
1999-12,Total,Food Caterers,na
1999-12,Total,Other Eating Places,80.7
2000-01,Total,Restaurants,66.3
2000-01,Total,Fast Food Outlets,71.9
2000-01,Total,Food Caterers,na
2000-01,Total,Other Eating Places,76.8
2000-02,Total,Restaurants,67.8
2000-02,Total,Fast Food Outlets,63.9
2000-02,Total,Food Caterers,na
2000-02,Total,Other Eating Places,74
2000-03,Total,Restaurants,69.5
2000-03,Total,Fast Food Outlets,64.3
2000-03,Total,Food Caterers,na
2000-03,Total,Other Eating Places,79.2
2000-04,Total,Restaurants,62.8
2000-04,Total,Fast Food Outlets,66
2000-04,Total,Food Caterers,na
2000-04,Total,Other Eating Places,78.4
2000-05,Total,Restaurants,68.2
2000-05,Total,Fast Food Outlets,71.5
2000-05,Total,Food Caterers,na
2000-05,Total,Other Eating Places,80.9
2000-06,Total,Restaurants,66.9
2000-06,Total,Fast Food Outlets,66.1
2000-06,Total,Food Caterers,na
2000-06,Total,Other Eating Places,78.3
2000-07,Total,Restaurants,66.5
2000-07,Total,Fast Food Outlets,67.2
2000-07,Total,Food Caterers,na
2000-07,Total,Other Eating Places,80.1
2000-08,Total,Restaurants,65.5
2000-08,Total,Fast Food Outlets,65.4
2000-08,Total,Food Caterers,na
2000-08,Total,Other Eating Places,80.3
2000-09,Total,Restaurants,78.4
2000-09,Total,Fast Food Outlets,66.9
2000-09,Total,Food Caterers,na
2000-09,Total,Other Eating Places,81
2000-10,Total,Restaurants,71.8
2000-10,Total,Fast Food Outlets,66.4
2000-10,Total,Food Caterers,na
2000-10,Total,Other Eating Places,82.4
2000-11,Total,Restaurants,78.8
2000-11,Total,Fast Food Outlets,65.5
2000-11,Total,Food Caterers,na
2000-11,Total,Other Eating Places,81.8
2000-12,Total,Restaurants,85.4
2000-12,Total,Fast Food Outlets,80.3
2000-12,Total,Food Caterers,na
2000-12,Total,Other Eating Places,85.4
2001-01,Total,Restaurants,72.8
2001-01,Total,Fast Food Outlets,71.9
2001-01,Total,Food Caterers,na
2001-01,Total,Other Eating Places,82.4
2001-02,Total,Restaurants,69.6
2001-02,Total,Fast Food Outlets,59.2
2001-02,Total,Food Caterers,na
2001-02,Total,Other Eating Places,77.3
2001-03,Total,Restaurants,72.6
2001-03,Total,Fast Food Outlets,70.4
2001-03,Total,Food Caterers,na
2001-03,Total,Other Eating Places,85.3
2001-04,Total,Restaurants,60.8
2001-04,Total,Fast Food Outlets,67.8
2001-04,Total,Food Caterers,na
2001-04,Total,Other Eating Places,82.1
2001-05,Total,Restaurants,70.7
2001-05,Total,Fast Food Outlets,72
2001-05,Total,Food Caterers,na
2001-05,Total,Other Eating Places,82.4
2001-06,Total,Restaurants,69.8
2001-06,Total,Fast Food Outlets,68.5
2001-06,Total,Food Caterers,na
2001-06,Total,Other Eating Places,82.2
2001-07,Total,Restaurants,67.8
2001-07,Total,Fast Food Outlets,68.2
2001-07,Total,Food Caterers,na
2001-07,Total,Other Eating Places,82.1
2001-08,Total,Restaurants,65
2001-08,Total,Fast Food Outlets,67.1
2001-08,Total,Food Caterers,na
2001-08,Total,Other Eating Places,83.2
2001-09,Total,Restaurants,67.7
2001-09,Total,Fast Food Outlets,62.7
2001-09,Total,Food Caterers,na
2001-09,Total,Other Eating Places,78.8
2001-10,Total,Restaurants,65.6
2001-10,Total,Fast Food Outlets,62.6
2001-10,Total,Food Caterers,na
2001-10,Total,Other Eating Places,77.7
2001-11,Total,Restaurants,68.5
2001-11,Total,Fast Food Outlets,63.4
2001-11,Total,Food Caterers,na
2001-11,Total,Other Eating Places,76.8
2001-12,Total,Restaurants,75.9
2001-12,Total,Fast Food Outlets,70.8
2001-12,Total,Food Caterers,na
2001-12,Total,Other Eating Places,82
2002-01,Total,Restaurants,61.9
2002-01,Total,Fast Food Outlets,60.9
2002-01,Total,Food Caterers,na
2002-01,Total,Other Eating Places,78.2
2002-02,Total,Restaurants,67.8
2002-02,Total,Fast Food Outlets,61.6
2002-02,Total,Food Caterers,na
2002-02,Total,Other Eating Places,72.9
2002-03,Total,Restaurants,70.5
2002-03,Total,Fast Food Outlets,69.3
2002-03,Total,Food Caterers,na
2002-03,Total,Other Eating Places,80.6
2002-04,Total,Restaurants,60.1
2002-04,Total,Fast Food Outlets,64.1
2002-04,Total,Food Caterers,na
2002-04,Total,Other Eating Places,74.1
2002-05,Total,Restaurants,63.8
2002-05,Total,Fast Food Outlets,67.6
2002-05,Total,Food Caterers,na
2002-05,Total,Other Eating Places,78.7
2002-06,Total,Restaurants,64.3
2002-06,Total,Fast Food Outlets,61.8
2002-06,Total,Food Caterers,na
2002-06,Total,Other Eating Places,75.4
2002-07,Total,Restaurants,61
2002-07,Total,Fast Food Outlets,60.1
2002-07,Total,Food Caterers,na
2002-07,Total,Other Eating Places,77.9
2002-08,Total,Restaurants,59.9
2002-08,Total,Fast Food Outlets,65.9
2002-08,Total,Food Caterers,na
2002-08,Total,Other Eating Places,77.1
2002-09,Total,Restaurants,70.8
2002-09,Total,Fast Food Outlets,57.3
2002-09,Total,Food Caterers,na
2002-09,Total,Other Eating Places,75.2
2002-10,Total,Restaurants,65.9
2002-10,Total,Fast Food Outlets,59.5
2002-10,Total,Food Caterers,na
2002-10,Total,Other Eating Places,77.1
2002-11,Total,Restaurants,67.8
2002-11,Total,Fast Food Outlets,63.7
2002-11,Total,Food Caterers,na
2002-11,Total,Other Eating Places,74
2002-12,Total,Restaurants,75.6
2002-12,Total,Fast Food Outlets,71.5
2002-12,Total,Food Caterers,na
2002-12,Total,Other Eating Places,80.5
2003-01,Total,Restaurants,63.2
2003-01,Total,Fast Food Outlets,64.9
2003-01,Total,Food Caterers,na
2003-01,Total,Other Eating Places,79.5
2003-02,Total,Restaurants,60.2
2003-02,Total,Fast Food Outlets,61.5
2003-02,Total,Food Caterers,na
2003-02,Total,Other Eating Places,72
2003-03,Total,Restaurants,62.1
2003-03,Total,Fast Food Outlets,66.2
2003-03,Total,Food Caterers,na
2003-03,Total,Other Eating Places,76
2003-04,Total,Restaurants,38
2003-04,Total,Fast Food Outlets,55
2003-04,Total,Food Caterers,na
2003-04,Total,Other Eating Places,58.6
2003-05,Total,Restaurants,49.8
2003-05,Total,Fast Food Outlets,65.1
2003-05,Total,Food Caterers,na
2003-05,Total,Other Eating Places,59.3
2003-06,Total,Restaurants,56.2
2003-06,Total,Fast Food Outlets,66
2003-06,Total,Food Caterers,na
2003-06,Total,Other Eating Places,61
2003-07,Total,Restaurants,58.1
2003-07,Total,Fast Food Outlets,59.8
2003-07,Total,Food Caterers,na
2003-07,Total,Other Eating Places,66.6
2003-08,Total,Restaurants,59.8
2003-08,Total,Fast Food Outlets,66.8
2003-08,Total,Food Caterers,na
2003-08,Total,Other Eating Places,69.8
2003-09,Total,Restaurants,69.3
2003-09,Total,Fast Food Outlets,59.7
2003-09,Total,Food Caterers,na
2003-09,Total,Other Eating Places,69.4
2003-10,Total,Restaurants,71.5
2003-10,Total,Fast Food Outlets,60.3
2003-10,Total,Food Caterers,na
2003-10,Total,Other Eating Places,74.4
2003-11,Total,Restaurants,72.7
2003-11,Total,Fast Food Outlets,61.4
2003-11,Total,Food Caterers,na
2003-11,Total,Other Eating Places,71.3
2003-12,Total,Restaurants,77.5
2003-12,Total,Fast Food Outlets,67.7
2003-12,Total,Food Caterers,na
2003-12,Total,Other Eating Places,74.9
2004-01,Total,Restaurants,67.8
2004-01,Total,Fast Food Outlets,68.3
2004-01,Total,Food Caterers,na
2004-01,Total,Other Eating Places,73.2
2004-02,Total,Restaurants,66.5
2004-02,Total,Fast Food Outlets,59.8
2004-02,Total,Food Caterers,na
2004-02,Total,Other Eating Places,68.8
2004-03,Total,Restaurants,63.7
2004-03,Total,Fast Food Outlets,63.3
2004-03,Total,Food Caterers,na
2004-03,Total,Other Eating Places,76.7
2004-04,Total,Restaurants,57.5
2004-04,Total,Fast Food Outlets,60.8
2004-04,Total,Food Caterers,na
2004-04,Total,Other Eating Places,72.2
2004-05,Total,Restaurants,64.9
2004-05,Total,Fast Food Outlets,66.9
2004-05,Total,Food Caterers,na
2004-05,Total,Other Eating Places,72.5
2004-06,Total,Restaurants,63.2
2004-06,Total,Fast Food Outlets,65
2004-06,Total,Food Caterers,na
2004-06,Total,Other Eating Places,72
2004-07,Total,Restaurants,66
2004-07,Total,Fast Food Outlets,63.6
2004-07,Total,Food Caterers,na
2004-07,Total,Other Eating Places,71.5
2004-08,Total,Restaurants,59.8
2004-08,Total,Fast Food Outlets,64
2004-08,Total,Food Caterers,na
2004-08,Total,Other Eating Places,67.9
2004-09,Total,Restaurants,67.6
2004-09,Total,Fast Food Outlets,62.3
2004-09,Total,Food Caterers,na
2004-09,Total,Other Eating Places,73.6
2004-10,Total,Restaurants,70.4
2004-10,Total,Fast Food Outlets,60.7
2004-10,Total,Food Caterers,na
2004-10,Total,Other Eating Places,72
2004-11,Total,Restaurants,67.1
2004-11,Total,Fast Food Outlets,59
2004-11,Total,Food Caterers,na
2004-11,Total,Other Eating Places,73.5
2004-12,Total,Restaurants,77.5
2004-12,Total,Fast Food Outlets,68.1
2004-12,Total,Food Caterers,na
2004-12,Total,Other Eating Places,76
2005-01,Total,Restaurants,69
2005-01,Total,Fast Food Outlets,63.7
2005-01,Total,Food Caterers,79.2
2005-01,Total,Other Eating Places,71.8
2005-02,Total,Restaurants,80.2
2005-02,Total,Fast Food Outlets,61.4
2005-02,Total,Food Caterers,72.9
2005-02,Total,Other Eating Places,64.3
2005-03,Total,Restaurants,66.4
2005-03,Total,Fast Food Outlets,66.8
2005-03,Total,Food Caterers,81.5
2005-03,Total,Other Eating Places,71.9
2005-04,Total,Restaurants,61.2
2005-04,Total,Fast Food Outlets,58.7
2005-04,Total,Food Caterers,73.5
2005-04,Total,Other Eating Places,74.2
2005-05,Total,Restaurants,67.5
2005-05,Total,Fast Food Outlets,63.5
2005-05,Total,Food Caterers,80
2005-05,Total,Other Eating Places,74.2
2005-06,Total,Restaurants,66.6
2005-06,Total,Fast Food Outlets,60.5
2005-06,Total,Food Caterers,83
2005-06,Total,Other Eating Places,71.9
2005-07,Total,Restaurants,72.5
2005-07,Total,Fast Food Outlets,62.5
2005-07,Total,Food Caterers,79.3
2005-07,Total,Other Eating Places,75.1
2005-08,Total,Restaurants,70.6
2005-08,Total,Fast Food Outlets,63.9
2005-08,Total,Food Caterers,75.2
2005-08,Total,Other Eating Places,76.3
2005-09,Total,Restaurants,70.2
2005-09,Total,Fast Food Outlets,62.5
2005-09,Total,Food Caterers,76.5
2005-09,Total,Other Eating Places,68.4
2005-10,Total,Restaurants,70.5
2005-10,Total,Fast Food Outlets,60.9
2005-10,Total,Food Caterers,73.2
2005-10,Total,Other Eating Places,69.1
2005-11,Total,Restaurants,68.4
2005-11,Total,Fast Food Outlets,64.9
2005-11,Total,Food Caterers,80.7
2005-11,Total,Other Eating Places,70.1
2005-12,Total,Restaurants,81.4
2005-12,Total,Fast Food Outlets,69
2005-12,Total,Food Caterers,83.2
2005-12,Total,Other Eating Places,79.7
2006-01,Total,Restaurants,73.6
2006-01,Total,Fast Food Outlets,67.1
2006-01,Total,Food Caterers,80.5
2006-01,Total,Other Eating Places,73.6
2006-02,Total,Restaurants,86.6
2006-02,Total,Fast Food Outlets,55.6
2006-02,Total,Food Caterers,72.1
2006-02,Total,Other Eating Places,69.5
2006-03,Total,Restaurants,73
2006-03,Total,Fast Food Outlets,65.2
2006-03,Total,Food Caterers,74.9
2006-03,Total,Other Eating Places,74.4
2006-04,Total,Restaurants,69.7
2006-04,Total,Fast Food Outlets,64.7
2006-04,Total,Food Caterers,74.5
2006-04,Total,Other Eating Places,71.9
2006-05,Total,Restaurants,76.6
2006-05,Total,Fast Food Outlets,69.9
2006-05,Total,Food Caterers,80.6
2006-05,Total,Other Eating Places,72.8
2006-06,Total,Restaurants,71.7
2006-06,Total,Fast Food Outlets,65.3
2006-06,Total,Food Caterers,76.5
2006-06,Total,Other Eating Places,74.4
2006-07,Total,Restaurants,73.9
2006-07,Total,Fast Food Outlets,68.7
2006-07,Total,Food Caterers,83.8
2006-07,Total,Other Eating Places,76.3
2006-08,Total,Restaurants,71.9
2006-08,Total,Fast Food Outlets,65
2006-08,Total,Food Caterers,79.8
2006-08,Total,Other Eating Places,78.3
2006-09,Total,Restaurants,73
2006-09,Total,Fast Food Outlets,62.9
2006-09,Total,Food Caterers,80.1
2006-09,Total,Other Eating Places,72.4
2006-10,Total,Restaurants,76.5
2006-10,Total,Fast Food Outlets,64.9
2006-10,Total,Food Caterers,77.8
2006-10,Total,Other Eating Places,74.3
2006-11,Total,Restaurants,75.5
2006-11,Total,Fast Food Outlets,65.5
2006-11,Total,Food Caterers,80.2
2006-11,Total,Other Eating Places,74.8
2006-12,Total,Restaurants,87.1
2006-12,Total,Fast Food Outlets,72.1
2006-12,Total,Food Caterers,84.6
2006-12,Total,Other Eating Places,81.2
2007-01,Total,Restaurants,72.4
2007-01,Total,Fast Food Outlets,65.6
2007-01,Total,Food Caterers,81.1
2007-01,Total,Other Eating Places,76.3
2007-02,Total,Restaurants,84.1
2007-02,Total,Fast Food Outlets,65.6
2007-02,Total,Food Caterers,75.9
2007-02,Total,Other Eating Places,68.4
2007-03,Total,Restaurants,78.8
2007-03,Total,Fast Food Outlets,72
2007-03,Total,Food Caterers,78.8
2007-03,Total,Other Eating Places,78.7
2007-04,Total,Restaurants,67.7
2007-04,Total,Fast Food Outlets,65.3
2007-04,Total,Food Caterers,75.9
2007-04,Total,Other Eating Places,79.7
2007-05,Total,Restaurants,74.3
2007-05,Total,Fast Food Outlets,70.3
2007-05,Total,Food Caterers,79
2007-05,Total,Other Eating Places,82.8
2007-06,Total,Restaurants,77.4
2007-06,Total,Fast Food Outlets,70.8
2007-06,Total,Food Caterers,85.3
2007-06,Total,Other Eating Places,82.7
2007-07,Total,Restaurants,77.6
2007-07,Total,Fast Food Outlets,70
2007-07,Total,Food Caterers,82.6
2007-07,Total,Other Eating Places,84.1
2007-08,Total,Restaurants,77.7
2007-08,Total,Fast Food Outlets,68.1
2007-08,Total,Food Caterers,88.8
2007-08,Total,Other Eating Places,87.1
2007-09,Total,Restaurants,78.3
2007-09,Total,Fast Food Outlets,64.7
2007-09,Total,Food Caterers,85.8
2007-09,Total,Other Eating Places,81.4
2007-10,Total,Restaurants,75.3
2007-10,Total,Fast Food Outlets,69.7
2007-10,Total,Food Caterers,89.1
2007-10,Total,Other Eating Places,84.6
2007-11,Total,Restaurants,77.8
2007-11,Total,Fast Food Outlets,69.3
2007-11,Total,Food Caterers,86.7
2007-11,Total,Other Eating Places,85.5
2007-12,Total,Restaurants,91.8
2007-12,Total,Fast Food Outlets,76.2
2007-12,Total,Food Caterers,89.3
2007-12,Total,Other Eating Places,95.8
2008-01,Total,Restaurants,78.8
2008-01,Total,Fast Food Outlets,68.6
2008-01,Total,Food Caterers,84.4
2008-01,Total,Other Eating Places,83.7
2008-02,Total,Restaurants,97.4
2008-02,Total,Fast Food Outlets,69.5
2008-02,Total,Food Caterers,84.4
2008-02,Total,Other Eating Places,80.3
2008-03,Total,Restaurants,79.1
2008-03,Total,Fast Food Outlets,73.4
2008-03,Total,Food Caterers,92.5
2008-03,Total,Other Eating Places,87.2
2008-04,Total,Restaurants,74.7
2008-04,Total,Fast Food Outlets,69.8
2008-04,Total,Food Caterers,86.6
2008-04,Total,Other Eating Places,85.9
2008-05,Total,Restaurants,85
2008-05,Total,Fast Food Outlets,77.9
2008-05,Total,Food Caterers,88.1
2008-05,Total,Other Eating Places,90.9
2008-06,Total,Restaurants,79.5
2008-06,Total,Fast Food Outlets,74.4
2008-06,Total,Food Caterers,88.1
2008-06,Total,Other Eating Places,89.3
2008-07,Total,Restaurants,79.2
2008-07,Total,Fast Food Outlets,76
2008-07,Total,Food Caterers,90
2008-07,Total,Other Eating Places,92.7
2008-08,Total,Restaurants,80.3
2008-08,Total,Fast Food Outlets,78.7
2008-08,Total,Food Caterers,91.4
2008-08,Total,Other Eating Places,89.9
2008-09,Total,Restaurants,82.2
2008-09,Total,Fast Food Outlets,70.3
2008-09,Total,Food Caterers,83.4
2008-09,Total,Other Eating Places,88.8
2008-10,Total,Restaurants,83.6
2008-10,Total,Fast Food Outlets,82.5
2008-10,Total,Food Caterers,86.8
2008-10,Total,Other Eating Places,93.5
2008-11,Total,Restaurants,81.7
2008-11,Total,Fast Food Outlets,79.1
2008-11,Total,Food Caterers,87
2008-11,Total,Other Eating Places,89.5
2008-12,Total,Restaurants,92.6
2008-12,Total,Fast Food Outlets,81.7
2008-12,Total,Food Caterers,90
2008-12,Total,Other Eating Places,93.3
2009-01,Total,Restaurants,90.5
2009-01,Total,Fast Food Outlets,80
2009-01,Total,Food Caterers,87.2
2009-01,Total,Other Eating Places,82.2
2009-02,Total,Restaurants,81.4
2009-02,Total,Fast Food Outlets,67
2009-02,Total,Food Caterers,72.1
2009-02,Total,Other Eating Places,77.5
2009-03,Total,Restaurants,80.8
2009-03,Total,Fast Food Outlets,78.9
2009-03,Total,Food Caterers,76.6
2009-03,Total,Other Eating Places,83.8
2009-04,Total,Restaurants,76.9
2009-04,Total,Fast Food Outlets,74.3
2009-04,Total,Food Caterers,74
2009-04,Total,Other Eating Places,82.4
2009-05,Total,Restaurants,84.3
2009-05,Total,Fast Food Outlets,81.6
2009-05,Total,Food Caterers,71.6
2009-05,Total,Other Eating Places,84.6
2009-06,Total,Restaurants,81.8
2009-06,Total,Fast Food Outlets,79.3
2009-06,Total,Food Caterers,73.6
2009-06,Total,Other Eating Places,82.4
2009-07,Total,Restaurants,81.9
2009-07,Total,Fast Food Outlets,78.7
2009-07,Total,Food Caterers,71.8
2009-07,Total,Other Eating Places,86.1
2009-08,Total,Restaurants,83.7
2009-08,Total,Fast Food Outlets,83.7
2009-08,Total,Food Caterers,77.1
2009-08,Total,Other Eating Places,83.3
2009-09,Total,Restaurants,80.9
2009-09,Total,Fast Food Outlets,74.3
2009-09,Total,Food Caterers,73.3
2009-09,Total,Other Eating Places,85.1
2009-10,Total,Restaurants,82.2
2009-10,Total,Fast Food Outlets,82.1
2009-10,Total,Food Caterers,79.7
2009-10,Total,Other Eating Places,85.3
2009-11,Total,Restaurants,78.1
2009-11,Total,Fast Food Outlets,83.8
2009-11,Total,Food Caterers,82.4
2009-11,Total,Other Eating Places,83.1
2009-12,Total,Restaurants,96.6
2009-12,Total,Fast Food Outlets,87
2009-12,Total,Food Caterers,84.3
2009-12,Total,Other Eating Places,89.2
2010-01,Total,Restaurants,89.7
2010-01,Total,Fast Food Outlets,81.9
2010-01,Total,Food Caterers,81.2
2010-01,Total,Other Eating Places,81.3
2010-02,Total,Restaurants,95.2
2010-02,Total,Fast Food Outlets,78.9
2010-02,Total,Food Caterers,82.9
2010-02,Total,Other Eating Places,76.9
2010-03,Total,Restaurants,83.9
2010-03,Total,Fast Food Outlets,83.6
2010-03,Total,Food Caterers,83.4
2010-03,Total,Other Eating Places,85
2010-04,Total,Restaurants,83.1
2010-04,Total,Fast Food Outlets,82.1
2010-04,Total,Food Caterers,79.5
2010-04,Total,Other Eating Places,85.6
2010-05,Total,Restaurants,92.7
2010-05,Total,Fast Food Outlets,89.7
2010-05,Total,Food Caterers,83.5
2010-05,Total,Other Eating Places,87.4
2010-06,Total,Restaurants,84.3
2010-06,Total,Fast Food Outlets,84.5
2010-06,Total,Food Caterers,83.3
2010-06,Total,Other Eating Places,87.7
2010-07,Total,Restaurants,87.1
2010-07,Total,Fast Food Outlets,88.4
2010-07,Total,Food Caterers,84.2
2010-07,Total,Other Eating Places,89.1
2010-08,Total,Restaurants,88
2010-08,Total,Fast Food Outlets,82.6
2010-08,Total,Food Caterers,88.4
2010-08,Total,Other Eating Places,85.8
2010-09,Total,Restaurants,86.7
2010-09,Total,Fast Food Outlets,83.5
2010-09,Total,Food Caterers,83
2010-09,Total,Other Eating Places,87.2
2010-10,Total,Restaurants,92
2010-10,Total,Fast Food Outlets,88.5
2010-10,Total,Food Caterers,85.2
2010-10,Total,Other Eating Places,89.8
2010-11,Total,Restaurants,89.1
2010-11,Total,Fast Food Outlets,85.9
2010-11,Total,Food Caterers,89.7
2010-11,Total,Other Eating Places,86.4
2010-12,Total,Restaurants,98.9
2010-12,Total,Fast Food Outlets,93.1
2010-12,Total,Food Caterers,95.3
2010-12,Total,Other Eating Places,94.3
2011-01,Total,Restaurants,94.8
2011-01,Total,Fast Food Outlets,86.7
2011-01,Total,Food Caterers,90
2011-01,Total,Other Eating Places,89.9
2011-02,Total,Restaurants,100.2
2011-02,Total,Fast Food Outlets,82.7
2011-02,Total,Food Caterers,90.8
2011-02,Total,Other Eating Places,78.8
2011-03,Total,Restaurants,86.5
2011-03,Total,Fast Food Outlets,90.8
2011-03,Total,Food Caterers,91.8
2011-03,Total,Other Eating Places,92.1
2011-04,Total,Restaurants,86.1
2011-04,Total,Fast Food Outlets,91.8
2011-04,Total,Food Caterers,90.6
2011-04,Total,Other Eating Places,90.5
2011-05,Total,Restaurants,95.2
2011-05,Total,Fast Food Outlets,99.8
2011-05,Total,Food Caterers,89.2
2011-05,Total,Other Eating Places,92.6
2011-06,Total,Restaurants,91.6
2011-06,Total,Fast Food Outlets,94.6
2011-06,Total,Food Caterers,90.9
2011-06,Total,Other Eating Places,94.7
2011-07,Total,Restaurants,93.9
2011-07,Total,Fast Food Outlets,98.9
2011-07,Total,Food Caterers,93.3
2011-07,Total,Other Eating Places,98.2
2011-08,Total,Restaurants,91
2011-08,Total,Fast Food Outlets,89.4
2011-08,Total,Food Caterers,91.5
2011-08,Total,Other Eating Places,92.8
2011-09,Total,Restaurants,88.9
2011-09,Total,Fast Food Outlets,94
2011-09,Total,Food Caterers,91.6
2011-09,Total,Other Eating Places,93
2011-10,Total,Restaurants,94.1
2011-10,Total,Fast Food Outlets,98.6
2011-10,Total,Food Caterers,90.1
2011-10,Total,Other Eating Places,94.5
2011-11,Total,Restaurants,92.3
2011-11,Total,Fast Food Outlets,94.2
2011-11,Total,Food Caterers,97.3
2011-11,Total,Other Eating Places,91.8
2011-12,Total,Restaurants,105.3
2011-12,Total,Fast Food Outlets,101.9
2011-12,Total,Food Caterers,102.1
2011-12,Total,Other Eating Places,99.6
2012-01,Total,Restaurants,107.3
2012-01,Total,Fast Food Outlets,100.4
2012-01,Total,Food Caterers,105.7
2012-01,Total,Other Eating Places,93
2012-02,Total,Restaurants,94.5
2012-02,Total,Fast Food Outlets,85.7
2012-02,Total,Food Caterers,92.8
2012-02,Total,Other Eating Places,90.3
2012-03,Total,Restaurants,95.3
2012-03,Total,Fast Food Outlets,97.3
2012-03,Total,Food Caterers,100.9
2012-03,Total,Other Eating Places,96.8
2012-04,Total,Restaurants,93.2
2012-04,Total,Fast Food Outlets,94.9
2012-04,Total,Food Caterers,97
2012-04,Total,Other Eating Places,95.1
2012-05,Total,Restaurants,96.3
2012-05,Total,Fast Food Outlets,98.6
2012-05,Total,Food Caterers,97.1
2012-05,Total,Other Eating Places,97.2
2012-06,Total,Restaurants,96.2
2012-06,Total,Fast Food Outlets,98
2012-06,Total,Food Caterers,101
2012-06,Total,Other Eating Places,97
2012-07,Total,Restaurants,96.6
2012-07,Total,Fast Food Outlets,94.9
2012-07,Total,Food Caterers,99.8
2012-07,Total,Other Eating Places,100.1
2012-08,Total,Restaurants,94.3
2012-08,Total,Fast Food Outlets,95.2
2012-08,Total,Food Caterers,99.9
2012-08,Total,Other Eating Places,98.4
2012-09,Total,Restaurants,91.7
2012-09,Total,Fast Food Outlets,93.8
2012-09,Total,Food Caterers,100
2012-09,Total,Other Eating Places,97.3
2012-10,Total,Restaurants,94.6
2012-10,Total,Fast Food Outlets,99.2
2012-10,Total,Food Caterers,98.5
2012-10,Total,Other Eating Places,97.7
2012-11,Total,Restaurants,96.1
2012-11,Total,Fast Food Outlets,94.9
2012-11,Total,Food Caterers,104.1
2012-11,Total,Other Eating Places,94.2
2012-12,Total,Restaurants,107.2
2012-12,Total,Fast Food Outlets,101.5
2012-12,Total,Food Caterers,105.3
2012-12,Total,Other Eating Places,102
2013-01,Total,Restaurants,97.1
2013-01,Total,Fast Food Outlets,97
2013-01,Total,Food Caterers,101.8
2013-01,Total,Other Eating Places,94.2
2013-02,Total,Restaurants,107.3
2013-02,Total,Fast Food Outlets,90.9
2013-02,Total,Food Caterers,103.3
2013-02,Total,Other Eating Places,86.5
2013-03,Total,Restaurants,102.4
2013-03,Total,Fast Food Outlets,100.1
2013-03,Total,Food Caterers,104.3
2013-03,Total,Other Eating Places,97.3
2013-04,Total,Restaurants,96.6
2013-04,Total,Fast Food Outlets,94.1
2013-04,Total,Food Caterers,95.5
2013-04,Total,Other Eating Places,95.7
2013-05,Total,Restaurants,101.1
2013-05,Total,Fast Food Outlets,99.2
2013-05,Total,Food Caterers,100
2013-05,Total,Other Eating Places,98.5
2013-06,Total,Restaurants,102.3
2013-06,Total,Fast Food Outlets,104
2013-06,Total,Food Caterers,104.5
2013-06,Total,Other Eating Places,97.5
2013-07,Total,Restaurants,99.2
2013-07,Total,Fast Food Outlets,94.8
2013-07,Total,Food Caterers,103.6
2013-07,Total,Other Eating Places,100.7
2013-08,Total,Restaurants,96.5
2013-08,Total,Fast Food Outlets,100.5
2013-08,Total,Food Caterers,103.7
2013-08,Total,Other Eating Places,99.8
2013-09,Total,Restaurants,95.5
2013-09,Total,Fast Food Outlets,97.2
2013-09,Total,Food Caterers,103.4
2013-09,Total,Other Eating Places,97.5
2013-10,Total,Restaurants,97.9
2013-10,Total,Fast Food Outlets,100.2
2013-10,Total,Food Caterers,104.3
2013-10,Total,Other Eating Places,97.4
2013-11,Total,Restaurants,97.5
2013-11,Total,Fast Food Outlets,99.9
2013-11,Total,Food Caterers,106.3
2013-11,Total,Other Eating Places,94.4
2013-12,Total,Restaurants,108.8
2013-12,Total,Fast Food Outlets,102.5
2013-12,Total,Food Caterers,109
2013-12,Total,Other Eating Places,101.9
2014-01,Total,Restaurants,107.9
2014-01,Total,Fast Food Outlets,103
2014-01,Total,Food Caterers,108.1
2014-01,Total,Other Eating Places,99.2
2014-02,Total,Restaurants,101.5
2014-02,Total,Fast Food Outlets,89.8
2014-02,Total,Food Caterers,103.6
2014-02,Total,Other Eating Places,90.2
2014-03,Total,Restaurants,95.9
2014-03,Total,Fast Food Outlets,102.7
2014-03,Total,Food Caterers,97.5
2014-03,Total,Other Eating Places,101.5
2014-04,Total,Restaurants,92.1
2014-04,Total,Fast Food Outlets,97.4
2014-04,Total,Food Caterers,91.5
2014-04,Total,Other Eating Places,97.8
2014-05,Total,Restaurants,102.9
2014-05,Total,Fast Food Outlets,104
2014-05,Total,Food Caterers,93.9
2014-05,Total,Other Eating Places,101.1
2014-06,Total,Restaurants,95.5
2014-06,Total,Fast Food Outlets,102.5
2014-06,Total,Food Caterers,95.6
2014-06,Total,Other Eating Places,99.3
2014-07,Total,Restaurants,96.1
2014-07,Total,Fast Food Outlets,94.8
2014-07,Total,Food Caterers,99.2
2014-07,Total,Other Eating Places,100.3
2014-08,Total,Restaurants,101.3
2014-08,Total,Fast Food Outlets,101.1
2014-08,Total,Food Caterers,118.5
2014-08,Total,Other Eating Places,102.2
2014-09,Total,Restaurants,96.5
2014-09,Total,Fast Food Outlets,97.3
2014-09,Total,Food Caterers,96.4
2014-09,Total,Other Eating Places,99.7
2014-10,Total,Restaurants,102.9
2014-10,Total,Fast Food Outlets,102.8
2014-10,Total,Food Caterers,94.7
2014-10,Total,Other Eating Places,103.5
2014-11,Total,Restaurants,98.9
2014-11,Total,Fast Food Outlets,100.4
2014-11,Total,Food Caterers,98.1
2014-11,Total,Other Eating Places,98.8
2014-12,Total,Restaurants,108.6
2014-12,Total,Fast Food Outlets,104.3
2014-12,Total,Food Caterers,102.9
2014-12,Total,Other Eating Places,106.3
2015-01,Total,Restaurants,96.8
2015-01,Total,Fast Food Outlets,101.1
2015-01,Total,Food Caterers,100.7
2015-01,Total,Other Eating Places,100.5
2015-02,Total,Restaurants,108
2015-02,Total,Fast Food Outlets,94.4
2015-02,Total,Food Caterers,105.6
2015-02,Total,Other Eating Places,88.8
2015-03,Total,Restaurants,96.9
2015-03,Total,Fast Food Outlets,100.2
2015-03,Total,Food Caterers,96
2015-03,Total,Other Eating Places,99
2015-04,Total,Restaurants,88.4
2015-04,Total,Fast Food Outlets,97.8
2015-04,Total,Food Caterers,93.5
2015-04,Total,Other Eating Places,96.5
2015-05,Total,Restaurants,96.5
2015-05,Total,Fast Food Outlets,103.4
2015-05,Total,Food Caterers,97.9
2015-05,Total,Other Eating Places,99.5
2015-06,Total,Restaurants,87.4
2015-06,Total,Fast Food Outlets,98.6
2015-06,Total,Food Caterers,94.3
2015-06,Total,Other Eating Places,96.7
2015-07,Total,Restaurants,93.7
2015-07,Total,Fast Food Outlets,94.8
2015-07,Total,Food Caterers,100.2
2015-07,Total,Other Eating Places,100.5
2015-08,Total,Restaurants,94.8
2015-08,Total,Fast Food Outlets,107.7
2015-08,Total,Food Caterers,106.6
2015-08,Total,Other Eating Places,100.8
2015-09,Total,Restaurants,89.9
2015-09,Total,Fast Food Outlets,102.7
2015-09,Total,Food Caterers,97.9
2015-09,Total,Other Eating Places,98.6
2015-10,Total,Restaurants,96.6
2015-10,Total,Fast Food Outlets,104.7
2015-10,Total,Food Caterers,94.7
2015-10,Total,Other Eating Places,99.2
2015-11,Total,Restaurants,93.3
2015-11,Total,Fast Food Outlets,99.9
2015-11,Total,Food Caterers,95.7
2015-11,Total,Other Eating Places,94.3
2015-12,Total,Restaurants,99.1
2015-12,Total,Fast Food Outlets,107
2015-12,Total,Food Caterers,101.2
2015-12,Total,Other Eating Places,99.3
2016-01,Total,Restaurants,93.7
2016-01,Total,Fast Food Outlets,103.3
2016-01,Total,Food Caterers,103.1
2016-01,Total,Other Eating Places,100.7
2016-02,Total,Restaurants,100.7
2016-02,Total,Fast Food Outlets,96.8
2016-02,Total,Food Caterers,102
2016-02,Total,Other Eating Places,93.9
2016-03,Total,Restaurants,86.6
2016-03,Total,Fast Food Outlets,101.4
2016-03,Total,Food Caterers,95.2
2016-03,Total,Other Eating Places,106.1
2016-04,Total,Restaurants,87.5
2016-04,Total,Fast Food Outlets,99.3
2016-04,Total,Food Caterers,89.7
2016-04,Total,Other Eating Places,101.7
2016-05,Total,Restaurants,92.3
2016-05,Total,Fast Food Outlets,104.2
2016-05,Total,Food Caterers,94.1
2016-05,Total,Other Eating Places,105.4
2016-06,Total,Restaurants,84.1
2016-06,Total,Fast Food Outlets,92.8
2016-06,Total,Food Caterers,92.3
2016-06,Total,Other Eating Places,102.9
2016-07,Total,Restaurants,93.3
2016-07,Total,Fast Food Outlets,109.9
2016-07,Total,Food Caterers,100.4
2016-07,Total,Other Eating Places,104.9
2016-08,Total,Restaurants,86.1
2016-08,Total,Fast Food Outlets,108.7
2016-08,Total,Food Caterers,106.9
2016-08,Total,Other Eating Places,102.4
2016-09,Total,Restaurants,90.1
2016-09,Total,Fast Food Outlets,105.3
2016-09,Total,Food Caterers,96.6
2016-09,Total,Other Eating Places,106.3
2016-10,Total,Restaurants,91.9
2016-10,Total,Fast Food Outlets,107.4
2016-10,Total,Food Caterers,100.1
2016-10,Total,Other Eating Places,103.6
2016-11,Total,Restaurants,82.3
2016-11,Total,Fast Food Outlets,106.7
2016-11,Total,Food Caterers,102.9
2016-11,Total,Other Eating Places,98.9
2016-12,Total,Restaurants,91.5
2016-12,Total,Fast Food Outlets,111
2016-12,Total,Food Caterers,106.2
2016-12,Total,Other Eating Places,104.4
2017-01,Total,Restaurants,97.1
2017-01,Total,Fast Food Outlets,111.9
2017-01,Total,Food Caterers,112.8
2017-01,Total,Other Eating Places,100
2017-02,Total,Restaurants,83.2
2017-02,Total,Fast Food Outlets,91.1
2017-02,Total,Food Caterers,100.4
2017-02,Total,Other Eating Places,96.6
2017-03,Total,Restaurants,75.7
2017-03,Total,Fast Food Outlets,105.6
2017-03,Total,Food Caterers,93.8
2017-03,Total,Other Eating Places,105.3
2017-04,Total,Restaurants,78.8
2017-04,Total,Fast Food Outlets,104.9
2017-04,Total,Food Caterers,94.2
2017-04,Total,Other Eating Places,101.1
2017-05,Total,Restaurants,83.5
2017-05,Total,Fast Food Outlets,105.5
2017-05,Total,Food Caterers,97
2017-05,Total,Other Eating Places,104.3
2017-06,Total,Restaurants,80
2017-06,Total,Fast Food Outlets,106.3
2017-06,Total,Food Caterers,96.9
2017-06,Total,Other Eating Places,103.7
2017-07,Total,Restaurants,87.9
2017-07,Total,Fast Food Outlets,117.8
2017-07,Total,Food Caterers,102.4
2017-07,Total,Other Eating Places,106.3
2017-08,Total,Restaurants,87.9
2017-08,Total,Fast Food Outlets,113
2017-08,Total,Food Caterers,109
2017-08,Total,Other Eating Places,107.7
2017-09,Total,Restaurants,86.8
2017-09,Total,Fast Food Outlets,106.3
2017-09,Total,Food Caterers,104.5
2017-09,Total,Other Eating Places,106.4